state_l,state_s,city,metro
California,CA,El Segundo,Los Angeles
Virginia,VA,Arlington,Washington DC
California,CA,Palo Alto,San Jose
Massachusetts,MA,Maynard,Boston
Maine,ME,Auburn,Lewiston-Auburn ME
California,CA,South San Francisco,San Francisco
Arizona,AZ,Scottsdale,Phoenix
Oregon,OR,Portland,Portland OR
North Carolina,NC,Wilmington,Wilmington NC
Colorado,CO,Boulder,Boulder CO
Kansas,KS,Lenexa,Waterloo-Cedar Falls IA
Florida,FL,Jacksonville,Jacksonville FL
Florida,FL,Palmetto,Sarasota-Bradenton-Venice FL
North Carolina,NC,Raleigh,Raleigh-Cary NC
Hawaii,HI,Honolulu,Honolulu HI
California,CA,Los Angeles,Los Angeles
Virginia,VA,McLean,Washington DC
Alabama,AL,Fairhope,Daphne-Fairhope-Foley AL
Texas,TX,Austin,Austin
Virginia,VA,Richmond,Richmond VA
Arizona,AZ,Tempe,Phoenix
Texas,TX,Dallas,Dallas
Florida,FL,Tampa,Tampa
Florida,FL,Miami,Miami
Pennsylvania,PA,Morrisville,Dallas
California,CA,Westlake Village,Los Angeles
Indiana,IN,Indianapolis,Indianapolis IN
Missouri,MO,Columbia,Columbia MO
New Jersey,NJ,Berkeley Heights,New York City
California,CA,San Francisco,San Francisco
New York,NY,New York,New York City
Michigan,MI,Troy,Detroit
Wisconsin,WI,Madison,Madison WI
Texas,TX,North Richland Hills,Dallas
Louisiana,LA,New Orleans,New Orleans-Metairie-Kenner LA
Maryland,MD,Chevy Chase,Washington DC
Iowa,IA,Des Moines,Des Moines-West Des Moines IA
California,CA,Pleasanton,San Francisco
Alabama,AL,Huntsville,Huntsville AL
Oklahoma,OK,Norman,Oklahoma City OK
Texas,TX,Tyler,Tyler TX
Michigan,MI,Richmond,Detroit
Ohio,OH,Enon,Springfield OH
Florida,FL,Sunrise,Miami
Illinois,IL,Chicago,Chicago
Rhode Island,RI,Cranston,Providence-New Bedford-Fall River RI-MA
Illinois,IL,Elgin,Chicago
California,CA,San Diego,San Diego
Texas,TX,Fort Worth,Dallas
New Jersey,NJ,Englewood,New York City
Texas,TX,Irving,Dallas
Pennsylvania,PA,Maple Glen,Philadelphia
New York,NY,Brooklyn,New York City
California,CA,Laguna Niguel,Los Angeles
District of Columbia,DC,Washington,Washington DC
Massachusetts,MA,Waltham,Boston
Massachusetts,MA,Cambridge,Boston
Florida,FL,Miramar,Miami
California,CA,Sonoma,Napa CA
Rhode Island,RI,East Greenwich,Providence-New Bedford-Fall River RI-MA
Massachusetts,MA,Hopkinton,Boston
Texas,TX,Burleson,Dallas
California,CA,Manhattan Beach,Los Angeles
Florida,FL,Pompano Beach,Miami
California,CA,Redwood City,San Francisco
New York,NY,Long Island City,New York City
Utah,UT,Salt Lake City,Salt Lake City
Indiana,IN,Fort Wayne,Fort Wayne IN
Washington,WA,Seattle,Seattle
Pennsylvania,PA,Malvern,Philadelphia
Missouri,MO,Lee's Summit,Kansas City MO-KS
Missouri,MO,St. Louis,St. Louis MO-IL
Massachusetts,MA,Boston,Boston
California,CA,Beverly Hills,Los Angeles
Michigan,MI,Farmington Hills,Detroit
Virginia,VA,Falls Church,Washington DC
Pennsylvania,PA,Berwyn,Philadelphia
Texas,TX,The Colony,Dallas
New York,NY,Bronx,New York City
Illinois,IL,Itasca,Chicago
Wisconsin,WI,Mequon,Milwaukee-Waukesha-West Allis WI
Virginia,VA,Charlottesville,Charlottesville VA
Virginia,VA,Warrenton,Culpeper VA
Ohio,OH,Granville,Columbus OH
California,CA,Murrieta,Riverside-San Bernardino-Ontario CA
California,CA,Sunnyvale,San Jose
Florida,FL,Boca Raton,Miami
Idaho,ID,Boise,Boise City-Nampa ID
California,CA,Sherman Oaks,Los Angeles
New Jersey,NJ,West Windsor,Trenton-Ewing NJ
Virginia,VA,Reston,Washington DC
New Jersey,NJ,Rochelle Park,
North Carolina,NC,Charlotte,Charlotte
California,CA,Los Gatos,San Jose
Maryland,MD,Baltimore,Baltimore
Florida,FL,Oviedo,Orlando FL
California,CA,Westminster,Los Angeles
New York,NY,Howard Beach,New York City
California,CA,Irvine,Los Angeles
Florida,FL,Orlando,Orlando FL
New Jersey,NJ,Parsippany,New York City
Indiana,IN,West Lafayette,
Pennsylvania,PA,Pittsburgh,Pittsburgh PA
Ohio,OH,Upper Arlington,Columbus OH
South Carolina,SC,Charleston,Charleston-North Charleston SC
Illinois,IL,Deerfield,Chicago
Georgia,GA,Atlanta,Atlanta
Illinois,IL,St. Charles,Chicago
Utah,UT,American Fork,Provo-Orem UT
Utah,UT,Bluffdale,Salt Lake City
Indiana,IN,Fishers,Indianapolis IN
Kansas,KS,Overland PArk,Kansas City MO-KS
Virginia,VA,Virginia Beach,Virginia Beach-Norfolk-Newport News VA-NC
Florida,FL,Maitland,Orlando FL
Kentucky,KY,Florence,Cincinnati
California,CA,Encino,Los Angeles
New Jersey,NJ,Hoboken,New York City
New Jersey,NJ,Hamilton,Trenton-Ewing NJ
New Hampshire,NH,Salem,Boston
Ohio,OH,Westlake,Cleveland
Virginia,VA,Kilmarnock,
Colorado,CO,Lakewood,Denver
Virginia,VA,Glen Allen,Richmond VA
Illinois,IL,Evanston,Chicago
California,CA,Lemon Grove,San Diego
California,CA,Santa Ana,Los Angeles
Massachusetts,MA,Topsfield,Boston
California,CA,Cupertino,San Jose
Maryland,MD,Gaithersburg,Washington DC
Georgia,GA,McDonough,Atlanta
New Mexico,NM,Albuquerque,Albuquerque NM
California,CA,Livermore,San Francisco
Pennsylvania,PA,Glen Mills,Philadelphia
Michigan,MI,Novi,Detroit
Illinois,IL,Chicago,
California,CA,Anaheim,Los Angeles
Michigan,MI,Ann Arbor,Ann Arbor MI
Wisconsin,WI,Mount Pleasant,Chicago
Texas,TX,Dalworthington Garden,Dallas
Virginia,VA,Chantilly,Washington DC
Texas,TX,San Antonio,San Antonio TX
New Jersey,NJ,Brick,New York City
Virginia,VA,Alexandria,Washington DC
Kansas,KS,Overland Park,Kansas City MO-KS
California,CA,Seaside,Salinas CA
California,CA,Santa Monica,Los Angeles
New York,NY,Fishkill,Poughkeepsie-Newburgh-Middletown NY
Texas,TX,Laredo,Laredo TX
Minnesota,MN,Ramsey,Minneapolis
Mississippi,MS,Oxford,Oxford MS
Florida,FL,St. Petersburg,Tampa
Ohio,OH,Mason,Cincinnati
Illinois,IL,Peoria,Peoria IL
Michigan,MI,Kalamazoo,Kalamazoo-Portage MI
Utah,UT,Roy,Ogden-Clearfield UT
Louisiana,LA,Harvey,New Orleans-Metairie-Kenner LA
Colorado,CO,Denver,Denver
Illinois,IL,Bloomingdale,Chicago
California,CA,San Mateo,San Francisco
North Carolina,NC,Harrisburg,Charlotte
Utah,UT,Provo,Provo-Orem UT
Washington,WA,Kirkland,Seattle
New Jersey,NJ,Cranford,New York City
Texas,TX,Houston,Houston
Delaware,DE,Wilmington,Philadelphia
Virginia,VA,Fairfax,Washington DC
Ohio,OH,Twinsburg,Akron OH
Pennsylvania,PA,Philadelphia,Philadelphia
New York,NY,Rochester,Rochester NY
California,CA,Foster City,San Francisco
New York,NY,Great Neck,New York City
Virginia,VA,Herndon,Washington DC
Oregon,OR,Bend,Prineville OR
Oregon,OR,Beaverton,Portland OR
Alabama,AL,Birmingham,Birmingham-Hoover AL
California,CA,Cardiff,San Diego
California,CA,Mountain View,San Jose
California,CA,Sausalito,San Francisco
California,CA,Monterey,Salinas CA
Utah,UT,Lehi,Provo-Orem UT
Texas,TX,Addison,Dallas
Florida,FL,Altamonte Springs,Orlando FL
Massachusetts,MA,Needham,Boston
California,CA,Santa Rosa,Santa Rosa-Petaluma CA
Utah,UT,Lindon,Provo-Orem UT
California,CA,Van Nuys,Los Angeles
Colorado,CO,Louisville,Boulder CO
West Virginia,WV,Bridgeport,
Nebraska,NE,Lincoln,Lincoln NE
California,CA,Menlo Park,San Francisco
Maryland,MD,Columbia,Baltimore
Nevada,NV,Las Vegas,Las Vegas-Paradise NV
Illinois,IL,South Barrington,Chicago
Michigan,MI,Royal Oak,Detroit
California,CA,Carlsbad,San Diego
Kansas,KS,Leavenworth,Kansas City MO-KS
Tennessee,TN,Brentwood,Nashville
Ohio,OH,Lewis Center,Columbus OH
Oklahoma,OK,Tulsa,Tulsa OK
Colorado,CO,Loveland,Fort Collins-Loveland CO
Florida,FL,Miami Beach,Miami
Oregon,OR,Hillsboro,Portland OR
Florida,FL,Bradenton,Sarasota-Bradenton-Venice FL
Tennessee,TN,Nashville,Nashville
Minnesota,MN,Burnsville,Minneapolis
Nevada,NV,Henderson,Las Vegas-Paradise NV
Mississippi,MS,Hattiesburg,
California,CA,Oxnard,Oxnard-Thousand Oaks-Ventura CA
Georgia,GA,Duluth,Atlanta
Maryland,MD,Rockville,Washington DC
Georgia,GA,Alpharetta,Atlanta
Oregon,OR,Lake Oswego,Portland OR
Ohio,OH,Rocky River,Cleveland
Washington,WA,Spokane,Spokane WA
Connecticut,CT,Norwalk,Bridgeport-Stamford-Norwalk CT
California,CA,Valencia,Los Angeles
Arizona,AZ,Gilbert,Phoenix
North Carolina,NC,Lexington,Thomasville-Lexington NC
Texas,TX,Sugar Land,Houston
New Jersey,NJ,Cinnaminson,Philadelphia
New York,NY,Hicksville,New York City
Kentucky,KY,Louisville,Louisville/Jefferson KY-IN
Texas,TX,McKinney,Dallas
Virginia,VA,Woodbridge,Washington DC
California,CA,Simi Valley,Oxnard-Thousand Oaks-Ventura CA
Maryland,MD,Landover,Washington DC
Utah,UT,South Jordan,Salt Lake City
Washington,WA,Olympia,Olympia WA
Pennsylvania,PA,New Castle,New Castle PA
Montana,MT,Whitefish,Kalispell MT
Minnesota,MN,Golden Valley,Minneapolis
Virginia,VA,Doswell,Richmond VA
Texas,TX,Stafford,Houston
Indiana,IN,Carmel,Indianapolis IN
Massachusetts,MA,Westborough,Worcester MA
New Jersey,NJ,Mountainside,New York City
Florida,FL,Winter Park,Orlando FL
Wisconsin,WI,Hartland,Milwaukee-Waukesha-West Allis WI
Pennsylvania,PA,Bristol,Philadelphia
Oregon,OR,McMinnville,Portland OR
Arizona,AZ,Phoenix,Phoenix
California,CA,Placerville,Sacramento--Arden-Arcade--Roseville CA
California,CA,Escondido,San Diego
Washington,WA,Vancouver,Portland OR
Ohio,OH,Columbus,Columbus OH
Illinois,IL,Schaumburg,Chicago
California,CA,Oakland,San Francisco
Pennsylvania,PA,Plymouth Meeting,Philadelphia
California,CA,Santa Barbara,Santa Barbara-Santa Maria-Goleta CA
New Jersey,NJ,Ramsey,New York City
Arizona,AZ,Paradise Valley,Phoenix
Texas,TX,Arlington,Dallas
Missouri,MO,O'Fallon,St. Louis MO-IL
South Carolina,SC,Mount Pleasant,Charleston-North Charleston SC
Illinois,IL,Crestwood,Chicago
California,CA,Santa Fe Springs,Los Angeles
Illinois,IL,Addison,Chicago
Florida,FL,Clearwater,Tampa
Florida,FL,Fort Lauderdale,Miami
Florida,FL,Longwood,Orlando FL
Georgia,GA,Woodstock,Atlanta
Washington,WA,Bellevue,Seattle
California,CA,Temple City,Los Angeles
Colorado,CO,Englewood,Denver
North Carolina,NC,Matthews,Charlotte
New York,NY,Buffalo,Buffalo-Niagara Falls NY
Virginia,VA,Leesburg,Washington DC
Texas,TX,Plano,Dallas
Pennsylvania,PA,Cranberry Township,Pittsburgh PA
Florida,FL,Ponte Vedra Beach,Palatka FL
Virginia,VA,Mechanicsville,Richmond VA
California,CA,North Hollywood,Los Angeles
New Jersey,NJ,Edison,New York City
Tennessee,TN,Memphis,Memphis TN-MS-AR
Florida,FL,Coral Gables,Miami
New York,NY,Upper Nyack,New York City
Minnesota,MN,Minneapolis,Minneapolis
Virginia,VA,Tysons Corner,Washington DC
California,CA,Santa Clara,San Jose
Delaware,DE,Selbyville,Seaford DE
Tennessee,TN,Ooltewah,Chattanooga TN-GA
North Carolina,NC,Cary,Durham NC
Massachusetts,MA,Newton,Boston
Ohio,OH,Cleveland,Cleveland
Tennessee,TN,Knoxville,Knoxville TN
Connecticut,CT,Hamden,New Haven-Milford CT
Colorado,CO,Colorado Springs,Colorado Springs CO
California,CA,Gardena,Los Angeles
California,CA,Marina Del Rey,Los Angeles
Florida,FL,Coral Springs,Miami
North Carolina,NC,Morrisville,Durham NC
Ohio,OH,Tipp City,Dayton OH
Georgia,GA,Tucker,Atlanta
Georgia,GA,Roswell,Atlanta
Missouri,MO,Maplewood,St. Louis MO-IL
Iowa,IA,West Des Moines,Des Moines-West Des Moines IA
New York,NY,New Rochelle,New York City
Colorado,CO,Westminster,Denver
Connecticut,CT,Georgetown,Bridgeport-Stamford-Norwalk CT
New York,NY,Port Washington,New York City
South Carolina,SC,North Charleston,Charleston-North Charleston SC
Texas,TX,New Braunfels,San Antonio TX
Virginia,VA,Crozet,Charlottesville VA
Pennsylvania,PA,Breinigsville,Reading PA
Virginia,VA,Sterling,Washington DC
Texas,TX,Bryan,College Station-Bryan TX
Florida,FL,Naples,Naples-Marco Island FL
Washington,WA,Bothell,Seattle
Ohio,OH,Solon,Cleveland
Texas,TX,Denton,Dallas
Maryland,MD,Calverton,Washington DC
Texas,TX,Frisco,Dallas
Massachusetts,MA,Lexington,Boston
Virginia,VA,Suffolk,Virginia Beach-Norfolk-Newport News VA-NC
Pennsylvania,PA,Levittown,Philadelphia
Connecticut,CT,Middlebury,New Haven-Milford CT
California,CA,San Jose,San Jose
Utah,UT,Draper,Salt Lake City
New York,NY,Fayetteville,Syracuse NY
Michigan,MI,Livonia,Detroit
North Carolina,NC,Fayetteville,Fayetteville NC
Georgia,GA,Fayetteville,Atlanta
Michigan,MI,Northville,Detroit
Minnesota,MN,Plymouth,Minneapolis
Massachusetts,MA,Norwell,Boston
California,CA,Laguna Hills,Los Angeles
Pennsylvania,PA,Exton,Philadelphia
New Jersey,NJ,Wall,New York City
Florida,FL,West Palm Beach,Miami
Hawaii,HI,Aiea,Honolulu HI
Illinois,IL,Villa Park,Chicago
Arkansas,AR,Bentonville,Fayetteville-Springdale-Rogers AR-MO
Ohio,OH,Valley View,Cleveland
Florida,FL,Palm Beach Gardens,Miami
California,CA,Burbank,Los Angeles
Florida,FL,Fort Myers,Cape Coral-Fort Myers FL
Maine,ME,Portland,Portland-South Portland-Biddeford ME
California,CA,San Luis Obispo,San Luis Obispo-Paso Robles CA
Utah,UT,West Valley City,Salt Lake City
Virginia,VA,Stafford,Washington DC
Maryland,MD,Owings Mills,Baltimore
New Jersey,NJ,Iselin,New York City
New York,NY,Copiague,New York City
New Jersey,NJ,Kendall Park,New York City
Kansas,KS,Lawrence,Lawrence KS
Illinois,IL,Morton Grove,Chicago
Florida,FL,Bonita Springs,Naples-Marco Island FL
Utah,UT,Layton,Ogden-Clearfield UT
California,CA,Tustin,Los Angeles
Pennsylvania,PA,King of Prussia,Philadelphia
Massachusetts,MA,Wakefield,Philadelphia
Georgia,GA,Cumming,Atlanta
New Jersey,NJ,Secaucus,New York City
Wisconsin,WI,Milwaukee,Milwaukee-Waukesha-West Allis WI
Maryland,MD,Windsor Mill,Baltimore
Oklahoma,OK,Edmond,Oklahoma City OK
New York,NY,White Plains,New York City
California,CA,Sacramento,Sacramento--Arden-Arcade--Roseville CA
Ohio,OH,Beavercreek,Dayton OH
California,CA,Huntington Beach,Los Angeles
Massachusetts,MA,Burlington,Boston
Idaho,ID,Coeur d'Alene,Coeur d'Alene ID
Oklahoma,OK,Oklahoma City,Oklahoma City OK
Pennsylvania,PA,New Oxford,Philadelphia
Pennsylvania,PA,Wexford,Pittsburgh PA
California,CA,Rancho Cordova,Sacramento--Arden-Arcade--Roseville CA
Washington,WA,Issaquah,Seattle
California,CA,Alhambra,Los Angeles
Texas,TX,Allen,Dallas
Illinois,IL,Naperville,Chicago
Nebraska,NE,Omaha,Omaha-Council Bluffs NE-IA
North Carolina,NC,Huntersville,Charlotte
Maryland,MD,Laurel,Washington DC
California,CA,San Juan Capistrano,Los Angeles
California,CA,Fresno,Fresno CA
California,CA,Rancho Mirage,Riverside-San Bernardino-Ontario CA
Alabama,AL,Enterprise,Enterprise-Ozark AL
California,CA,Newport Beach,Los Angeles
Louisiana,LA,Baton Rouge,Baton Rouge LA
Alabama,AL,Brownsboro,Huntsville AL
North Carolina,NC,Emerald Isle,Morehead City NC
New Jersey,NJ,Gibbsboro,Philadelphia
Maryland,MD,Bethesda,
Maryland,MD,Hyattsville,Washington DC
Virginia,VA,Vienna,Washington DC
Texas,TX,Flower Mound,Dallas
Virginia,VA,Ashburn,Washington DC
Florida,FL,Jacksonville Beach,Jacksonville FL
Missouri,MO,Liberty,Kansas City MO-KS
Virginia,VA,Chesapeake,Virginia Beach-Norfolk-Newport News VA-NC
Ohio,OH,Westerville,Columbus OH
Wisconsin,WI,La Crosse,La Crosse WI-MN
New York,NY,Colden,Buffalo-Niagara Falls NY
Virginia,VA,Chantilly,
Massachusetts,MA,Saugus,Boston
Connecticut,CT,Stamford,Bridgeport-Stamford-Norwalk CT
Georgia,GA,Norcross,Atlanta
Ohio,OH,Dublin,Columbus OH
Maryland,MD,White Marsh,Baltimore
Alabama,AL,Union Grove,Albertville AL
Illinois,IL,Mattoon,Charleston-Mattoon IL
Minnesota,MN,Maple Grove,Minneapolis
Alabama,AL,Mobile,Mobile AL
Illinois,IL,Oak Park,Chicago
Washington,WA,Preston,Seattle
Tennessee,TN,Franklin,Nashville
California,CA,La Palma,Los Angeles
New York,NY,Floral Park,New York City
Louisiana,LA,Bossier City,Shreveport-Bossier City LA
Maryland,MD,Upper Marlboro,Washington DC
New York,NY,Syracuse,Syracuse NY
California,CA,Palm Desert,Riverside-San Bernardino-Ontario CA
Louisiana,LA,West Monroe,Monroe LA
New York,NY,Cedarhurst,New York City
Minnesota,MN,St. Louis Park,Minneapolis
California,CA,Hawthorne,Los Angeles
Washington,WA,Tukwila,Seattle
Colorado,CO,Broomfield,Denver
North Carolina,NC,Durham,Durham NC
Minnesota,MN,Bemidji,Bemidji MN
Vermont,VT,West Dover,
California,CA,El Dorado Hills,Sacramento--Arden-Arcade--Roseville CA
California,CA,Emeryville,San Francisco
California,CA,Walnut Creek,San Francisco
California,CA,Camarillo,Oxnard-Thousand Oaks-Ventura CA
Massachusetts,MA,Northampton,Springfield MA
Maine,ME,Lewiston,Lewiston-Auburn ME
Illinois,IL,Vernon Hills,Chicago
Florida,FL,Orange Park,Jacksonville FL
Kentucky,KY,Lancaster,Danville KY
Florida,FL,Deerfield Beach,Miami
Ohio,OH,Cincinnati,Cincinnati
New York,NY,Scarsdale,New York City
New Jersey,NJ,Blackwood,Philadelphia
California,CA,Aliso Viejo,Los Angeles
Illinois,IL,O'Fallon,St. Louis MO-IL
Florida,FL,Aventura,Miami
Nevada,NV,Overton,Las Vegas-Paradise NV
Utah,UT,Sandy,Salt Lake City
South Carolina,SC,Greenville,Greenville-Mauldin-Easley SC
Utah,UT,Orem,Provo-Orem UT
Maryland,MD,Germantown,Washington DC
Delaware,DE,Dover,Dover DE
North Carolina,NC,High Point,Thomasville-Lexington NC
New Jersey,NJ,Morristown,New York City
New Jersey,NJ,Dunellen,New York City
Michigan,MI,Southfield,Detroit
California,CA,San Marcos,San Diego
California,CA,Carpinteria,Santa Barbara-Santa Maria-Goleta CA
Alabama,AL,Montevallo,Birmingham-Hoover AL
Massachusetts,MA,Framingham,Boston
Pennsylvania,PA,Robinson Township,Pittsburgh PA
Wisconsin,WI,Beloit,Janesville WI
Wisconsin,WI,Brookfield,Milwaukee-Waukesha-West Allis WI
Maryland,MD,Westminster,Baltimore
New Jersey,NJ,Princeton,Trenton-Ewing NJ
Arizona,AZ,Dewey,Prescott AZ
Wisconsin,WI,Kaukauna,Green Bay WI
Michigan,MI,Highland Park,Detroit
Ohio,OH,Independence,Cleveland
California,CA,Roseville,Sacramento--Arden-Arcade--Roseville CA
Georgia,GA,Clarkesville,Cornelia GA
California,CA,Garden Grove,Los Angeles
Idaho,ID,Idaho Falls,Idaho Falls ID
Virginia,VA,Springfield,Washington DC
California,CA,Richmond,San Francisco
New Jersey,NJ,Manalapan,New York City
Washington,WA,Redmond,Seattle
Rhode Island,RI,Warwick,Providence-New Bedford-Fall River RI-MA
New Jersey,NJ,East Hanover,New York City
Florida,FL,Winter Springs,Orlando FL
Minnesota,MN,Eden Prairie,Minneapolis
New York,NY,Saratoga Springs,Albany-Schenectady-Troy NY
Pennsylvania,PA,Newtown Square,Philadelphia
Illinois,IL,Tinley Park,Chicago
South Carolina,SC,Greenville,Newberry SC
Wisconsin,WI,New Holstein,Appleton WI
California,CA,Corona,Riverside-San Bernardino-Ontario CA
California,CA,Orange,Los Angeles
Ohio,OH,Blue Ash,Cincinnati
Missouri,MO,Clayton,St. Louis MO-IL
Pennsylvania,PA,Bethel Park,Pittsburgh PA
New York,NY,Woodside,New York City
California,CA,San Ramon,San Francisco
Colorado,CO,Fort Collins,Boulder CO
Mississippi,MS,Flowood,Jackson MS
North Carolina,NC,Clayton,Raleigh-Cary NC
California,CA,Petaluma,San Francisco
Ohio,OH,Monroe,Cincinnati
Florida,FL,Sarasota,Panama City-Lynn Haven FL
Louisiana,LA,Lafayette,Lafayette LA
Texas,TX,Pasadena,Houston
New Jersey,NJ,Paramus,New York City
South Carolina,SC,Columbia,Columbia SC
Indiana,IN,Middlebury,Elkhart-Goshen IN
New Jersey,NJ,Collingswood,Philadelphia
Minnesota,MN,Spring Park,Minneapolis
Georgia,GA,Dacula,Atlanta
North Carolina,NC,Cary,Raleigh-Cary NC
Wisconsin,WI,Franklin,Milwaukee-Waukesha-West Allis WI
Illinois,IL,Des Plaines,Chicago
Michigan,MI,Grosse Pointe Farms,Detroit
Massachusetts,MA,Watertown,Boston
Utah,UT,Riverton,Salt Lake City
Maryland,MD,Ellicott City,Baltimore
Missouri,MO,Archie,Kansas City MO-KS
Iowa,IA,Davenport,Davenport-Moline-Rock Island IA-IL
California,CA,West Hollywood,Los Angeles
Connecticut,CT,West Hartford,Hartford-West Hartford-East Hartford CT
Maine,ME,Lisbon Falls,Lewiston-Auburn ME
Illinois,IL,Midlothian,Chicago
Maryland,MD,Silver Spring,Washington DC
West Virginia,WV,Star City,Morgantown WV
California,CA,Brentwood,San Francisco
New Jersey,NJ,Newark,New York City
Connecticut,CT,Madison,New Haven-Milford CT
Georgia,GA,Augusta,Augusta-Richmond GA-SC
Texas,TX,Richardson,Dallas
South Dakota,SD,Sioux Falls,Sioux Falls SD
Rhode Island,RI,Smithfield,Providence-New Bedford-Fall River RI-MA
California,CA,Culver City,Los Angeles
Louisiana,LA,Lake Charles,Lake Charles LA
South Carolina,SC,Murrells Inlet,Georgetown SC
New York,NY,Cheektowaga,Buffalo-Niagara Falls NY
Pennsylvania,PA,Wayne,Philadelphia
California,CA,Rancho Dominguez,Los Angeles
Minnesota,MN,St. Paul,Minneapolis
New York,NY,Williamsville,Buffalo-Niagara Falls NY
Virginia,VA,Purcellville,Washington DC
New Jersey,NJ,Mount Laurel,Philadelphia
South Carolina,SC,Lexington,Columbia SC
Georgia,GA,Kennesaw,Atlanta
California,CA,Paramount,Los Angeles
Ohio,OH,Portage,Toledo OH
Massachusetts,MA,Billerica,Boston
New Jersey,NJ,Lyndhurst,New York City
Maryland,MD,Millersville,Baltimore
Virginia,VA,Clarksville,
Florida,FL,Hollywood,Miami
Alabama,AL,Bessemer,Birmingham-Hoover AL
North Carolina,NC,Carrboro,Durham NC
California,CA,Concord,San Francisco
California,CA,Lake Forest,Los Angeles
Maryland,MD,Bethesda,Washington DC
Massachusetts,MA,Allston,Boston
New Jersey,NJ,Toms River,New York City
Illinois,IL,Buffalo Grove,Chicago
Wisconsin,WI,West Bend,Milwaukee-Waukesha-West Allis WI
Virginia,VA,Fredericksburg,Washington DC
California,CA,Fairfield,Vallejo-Fairfield CA
Michigan,MI,Madison Heights,Detroit
Arizona,AZ,Tucson,Tucson AZ
Delaware,DE,Newark,Philadelphia
Florida,FL,Winter Garden,Orlando FL
Illinois,IL,Cicero,Chicago
New York,NY,Hopewell Junction,Poughkeepsie-Newburgh-Middletown NY
Indiana,IN,Princeton,Evansville IN-KY
Alabama,AL,Auburn,Auburn-Opelika AL
Illinois,IL,Geneva,Chicago
Alabama,AL,Mountain Brook,Birmingham-Hoover AL
Colorado,CO,Centennial,Denver
Texas,TX,Corpus Christi,Austin
Massachusetts,MA,Quincy,Boston
Michigan,MI,Dorr,Allegan MI
Texas,TX,Pearland,Houston
Washington,WA,Lakewood,Seattle
California,CA,Poway,San Diego
Oklahoma,OK,Claremore,Tulsa OK
New York,NY,Manhasset,New York City
Illinois,IL,Hickory Hills,Chicago
Utah,UT,Ogden,Ogden-Clearfield UT
Rhode Island,RI,Providence,Providence-New Bedford-Fall River RI-MA
Connecticut,CT,New Haven,New Haven-Milford CT
Minnesota,MN,Bloomington,Minneapolis
Kansas,KS,Wichita,Wichita KS
California,CA,San Anselmo,San Francisco
California,CA,Arcadia,Los Angeles
Virginia,VA,Manassas,Washington DC
Ohio,OH,Massillon,Canton-Massillon OH
Pennsylvania,PA,New Hope,Philadelphia
Texas,TX,Lubbock,Lubbock TX
Minnesota,MN,Duluth,Duluth MN-WI
California,CA,San Clemente,Los Angeles
Pennsylvania,PA,Horsham,Philadelphia
Massachusetts,MA,Chelmsford,Boston
North Carolina,NC,Waxhaw,Charlotte
Virginia,VA,Blacksburg,Blacksburg-Christiansburg-Radford VA
Illinois,IL,Elk Grove Village,Chicago
Pennsylvania,PA,Fort Washington,Philadelphia
Florida,FL,Fort Walton Beach,Fort Walton Beach-Crestview-Destin FL
Massachusetts,MA,Franklin,Boston
New York,NY,Staten Island,New York City
California,CA,Vista,San Diego
New York,NY,Farmingdale,New York City
Massachusetts,MA,Braintree,Boston
Michigan,MI,Grand Rapids,Grand Rapids-Wyoming MI
Connecticut,CT,East Lyme,Norwich-New London CT
Pennsylvania,PA,Lebanon,Lebanon PA
Illinois,IL,Champaign,Champaign-Urbana IL
Georgia,GA,Smyrna,Atlanta
Ohio,OH,West Chester,Cincinnati
California,CA,Newark,San Francisco
Pennsylvania,PA,Harrisburg,Harrisburg-Carlisle PA
Georgia,GA,Suwanee,Atlanta
California,CA,Torrance,Los Angeles
Massachusetts,MA,Andover,Boston
New York,NY,Valley Stream,New York City
North Carolina,NC,Asheville,Asheville NC
Maine,ME,Kittery,Portland-South Portland-Biddeford ME
Michigan,MI,Jackson,Jackson MI
North Carolina,NC,Cornelius,Charlotte
North Carolina,NC,Chapel Hill,Durham NC
Tennessee,TN,Cordova,Memphis TN-MS-AR
Maryland,MD,Woodbine,Baltimore
Florida,FL,Orlando,
Texas,TX,Montgomery,Houston
California,CA,Citrus Heights,Sacramento--Arden-Arcade--Roseville CA
Tennessee,TN,Gallatin,Nashville
Arizona,AZ,Scottsdale,San Jose
Illinois,IL,Westchester,Chicago
New Jersey,NJ,Warren,New York City
Alabama,AL,Trussville,Birmingham-Hoover AL
Illinois,IL,Oak Brook,Chicago
New Jersey,NJ,Green Brook,New York City
New Jersey,NJ,Ocean,New York City
California,CA,Pasadena,Los Angeles
Florida,FL,Spring Hill,Tampa
New Jersey,NJ,Moorestown,Philadelphia
North Carolina,NC,Apex,Durham NC
Maryland,MD,Annapolis,Baltimore
California,CA,Walnut,Los Angeles
Iowa,IA,Wayland,
Missouri,MO,Kansas City,Kansas City MO-KS
North Carolina,NC,Greensboro,Greensboro-High Point NC
California,CA,Coronado,San Diego
California,CA,Costa Mesa,Los Angeles
Washington,WA,Kent,Seattle
Pennsylvania,PA,Willow Grove,Philadelphia
Georgia,GA,Canton,Atlanta
South Carolina,SC,Irmo,Columbia SC
Montana,MT,Bozeman,Bozeman MT
California,CA,Thermal,El Centro CA
Louisiana,LA,Metairie,New Orleans-Metairie-Kenner LA
Oklahoma,OK,Elk City,Elk City OK
Maryland,MD,Hanover,Baltimore
Ohio,OH,Worthington,Columbus OH
California,CA,Pacific Palisades,Los Angeles
Minnesota,MN,Minnetonka,Minneapolis
Alabama,AL,Huntsville,Valley AL
New Jersey,NJ,Cranbury,Trenton-Ewing NJ
Florida,FL,Pembroke Pines,Miami
Idaho,ID,Worley,
Illinois,IL,Cary,Chicago
Massachusetts,MA,Cataumet,Barnstable Town MA
Florida,FL,Apopka,Orlando FL
Indiana,IN,Anderson,Anderson IN
New York,NY,Syosset,New York City
Texas,TX,The Woodlands,Houston
Michigan,MI,Lansing,Lansing-East Lansing MI
Indiana,IN,Columbus,Columbus IN
New Jersey,NJ,Rutherford,New York City
Michigan,MI,Sterling Heights,Detroit
California,CA,Orinda,San Francisco
Minnesota,MN,Edina,Minneapolis
California,CA,El Cajon,San Diego
Michigan,MI,Detroit,Detroit
South Carolina,SC,Hilton Head Island,Hilton Head Island-Beaufort SC
Ohio,OH,Boardman,Youngstown-Warren-Boardman OH-PA
Oregon,OR,Medford,Medford OR
Illinois,IL,Lisle,Chicago
Tennessee,TN,Germantown,Memphis TN-MS-AR
Utah,UT,Centerville,Ogden-Clearfield UT
New York,NY,Latham,Albany-Schenectady-Troy NY
Pennsylvania,PA,Mohnton,Reading PA
Maryland,MD,Savage,Baltimore
New York,NY,Westbury,New York City
Nevada,NV,Reno,Reno-Sparks NV
South Carolina,SC,Lake Wylie,Charlotte
Massachusetts,MA,Rockland,
Rhode Island,RI,Coventry,Providence-New Bedford-Fall River RI-MA
Florida,FL,Summerfield,Ocala FL
Florida,FL,Medley,Miami
Minnesota,MN,Zumbrota,Red Wing MN
Illinois,IL,Bellwood,Chicago
New Jersey,NJ,Edgewater,New York City
Illinois,IL,Downers Grove,Chicago
Minnesota,MN,Eagan,Minneapolis
Kentucky,KY,Bowling Green,Bowling Green KY
Virginia,VA,Henrico,Richmond VA
New Jersey,NJ,Hasbrouck Heights,New York City
California,CA,Long Beach,Los Angeles
New York,NY,Watertown,Watertown-Fort Drum NY
Texas,TX,Lewisville,Dallas
Utah,UT,West Jordan,Salt Lake City
California,CA,City of Industry,Los Angeles
New York,NY,Melville,New York City
Colorado,CO,Littleton,Denver
Michigan,MI,Rochester Hills,Detroit
Pennsylvania,PA,Reading,Reading PA
Colorado,CO,Arvada,Denver
California,CA,Bakersfield,Bakersfield CA
New Jersey,NJ,Lawrenceville,Trenton-Ewing NJ
Illinois,IL,Oakbrook Terrace,Chicago
Illinois,IL,Lombard,Chicago
Florida,FL,Trinity,Tampa
New Jersey,NJ,Cherry Hill,Philadelphia
North Carolina,NC,Hendersonville,Asheville NC
Utah,UT,Eagle Mountain,Provo-Orem UT
Pennsylvania,PA,Murrysville,Pittsburgh PA
Ohio,OH,Richfield,Akron OH
Georgia,GA,Black Creek,Savannah GA
Ohio,OH,Dayton,Dayton OH
California,CA,San Carlos,San Francisco
Virginia,VA,Rocky Mount,Roanoke VA
California,CA,San Bernardino,Riverside-San Bernardino-Ontario CA
Washington,WA,Auburn,Seattle
California,CA,Oceanside,San Diego
Massachusetts,MA,Beverly,Boston
Utah,UT,Spanish Fork,
Ohio,OH,New Albany,Columbus OH
Florida,FL,Delray Beach,Miami
Florida,FL,Miami Gardens,Miami
New York,NY,Woodstock,Kingston NY
Massachusetts,MA,Barnstable,Barnstable Town MA
Missouri,MO,Fenton,St. Louis MO-IL
Maryland,MD,Greenbelt,Washington DC
Arizona,AZ,Chandler,
Massachusetts,MA,Peabody,Boston
Florida,FL,Mary Esther,Fort Walton Beach-Crestview-Destin FL
Colorado,CO,Highlands Ranch,Denver
Texas,TX,Grapevine,Dallas
Texas,TX,Humble,Chicago
California,CA,Campbell,San Jose
New York,NY,Whitestone,New York City
California,CA,Northridge,Los Angeles
Georgia,GA,Marietta,Atlanta
Tennessee,TN,Nashville,
South Carolina,SC,Mauldin,Greenville-Mauldin-Easley SC
Illinois,IL,Lake in the Hills,Chicago
Wisconsin,WI,Pewaukee,Milwaukee-Waukesha-West Allis WI
North Carolina,NC,Winston Salem,Winston-Salem NC
Michigan,MI,Commerce Township,Detroit
Massachusetts,MA,Stoneham,Boston
Georgia,GA,Dallas,Atlanta
Pennsylvania,PA,Allentown,Allentown-Bethlehem-Easton PA-NJ
New Jersey,NJ,Fairfield,New York City
Texas,TX,Rockwall,Dallas
Kentucky,KY,Erlanger,Cincinnati
Minnesota,MN,Roseville,Minneapolis
Florida,FL,Sarasota,Sarasota-Bradenton-Venice FL
Michigan,MI,Manchester,Jackson MI
California,CA,Ontario,Riverside-San Bernardino-Ontario CA
Washington,WA,Renton,Seattle
South Carolina,SC,Daniel Island,Charleston-North Charleston SC
Florida,FL,Sanford,Orlando FL
New York,NY,Niagara Falls,Buffalo-Niagara Falls NY
Michigan,MI,Kentwood,Grand Rapids-Wyoming MI
Arkansas,AR,Rogers,Fayetteville-Springdale-Rogers AR-MO
Illinois,IL,Bridgeview,Chicago
Texas,TX,Carrollton,Dallas
New Jersey,NJ,Englewood Cliffs,New York City
Maryland,MD,College Park,Washington DC
Pennsylvania,PA,Shillington,Reading PA
Pennsylvania,PA,Blue Bell,Philadelphia
Texas,TX,Plano,Houston
Connecticut,CT,Shelton,Bridgeport-Stamford-Norwalk CT
North Dakota,ND,Jamestown,Jamestown ND
Pennsylvania,PA,Perkasie,Philadelphia
Texas,TX,Conroe,Houston
Minnesota,MN,Cannon Falls,Minneapolis
Washington,WA,Bellevue,
California,CA,Baldwin Park,Los Angeles
Texas,TX,Mansfield,Dallas
Colorado,CO,Greenwood Village,Denver
Maryland,MD,Derwood,Washington DC
Pennsylvania,PA,North Wales,Philadelphia
Minnesota,MN,Elk River,Minneapolis
Wisconsin,WI,Janesville,Janesville WI
New Jersey,NJ,South Plainfield,New York City
Illinois,IL,Rolling Meadows,Chicago
California,CA,Moorpark,Oxnard-Thousand Oaks-Ventura CA
Texas,TX,Haltom City,Dallas
Illinois,IL,Springfield,Springfield IL
Florida,FL,Weston,Miami
Oregon,OR,Salem,Salem OR
Massachusetts,MA,Attleboro Falls,Providence-New Bedford-Fall River RI-MA
Massachusetts,MA,Marlborough,Boston
Tennessee,TN,Chattanooga,Chattanooga TN-GA
North Carolina,NC,Davidson,Charlotte
New Jersey,NJ,Westfield,New York City
New York,NY,Massapequa,New York City
Arizona,AZ,Chandler,Phoenix
Connecticut,CT,Brookfield,Bridgeport-Stamford-Norwalk CT
New York,NY,Clifton Park,Albany-Schenectady-Troy NY
Wisconsin,WI,Wauwatosa,Milwaukee-Waukesha-West Allis WI
California,CA,Hermosa Beach,Los Angeles
Maryland,MD,Cockeysville,Baltimore
Wisconsin,WI,Kenosha,Chicago
Iowa,IA,Coralville,Iowa City IA
Ohio,OH,Hamilton,Cincinnati
Idaho,ID,Moscow,Moscow ID
New Jersey,NJ,Matawan,New York City
Texas,TX,Farmers Branch,Dallas
Massachusetts,MA,Wellesley,Boston
South Carolina,SC,Florence,Florence SC
Wisconsin,WI,Oshkosh,Oshkosh-Neenah WI
Ohio,OH,Norton,Cleveland
Ohio,OH,Lakewood,Cleveland
Colorado,CO,Fort Collins,Fort Collins-Loveland CO
New York,NY,Ballston Lake,Albany-Schenectady-Troy NY
Tennessee,TN,Sevierville,Sevierville TN
Illinois,IL,Countryside,Chicago
Illinois,IL,Glendale Heights,Chicago
Kansas,KS,Buhler,Wichita KS
Colorado,CO,Longmont,Boulder CO
Ohio,OH,Medina,Cleveland
Illinois,IL,West Chicago,Chicago
California,CA,Los Angeles,San Diego
Minnesota,MN,Woodbury,Minneapolis
California,CA,San Rafael,San Francisco
Pennsylvania,PA,Middletown,Harrisburg-Carlisle PA
Missouri,MO,Springfield,Springfield MO
New Jersey,NJ,High Bridge,New York City
California,CA,Woodland Hills,Los Angeles
Texas,TX,Spring,Houston
California,CA,Temecula,Riverside-San Bernardino-Ontario CA
New Jersey,NJ,Jersey City,New York City
Rhode Island,RI,Wakefield,Providence-New Bedford-Fall River RI-MA
Tennessee,TN,Johnson City,Johnson City TN
Washington,WA,Des Moines,Seattle
Pennsylvania,PA,Smock,Pittsburgh PA
Georgia,GA,Macon,Macon GA
Illinois,IL,Elmhurst,Chicago
New Hampshire,NH,Portsmouth,Boston
California,CA,La Jolla,San Diego
Connecticut,CT,Plainville,Hartford-West Hartford-East Hartford CT
Tennessee,TN,Dickson,Nashville
Florida,FL,Oldsmar,Tampa
California,CA,Agoura Hills,Los Angeles
Florida,FL,Palm Harbor,Tampa
Kentucky,KY,Elizabethtown,Elizabethtown KY
California,CA,Santa Rosa,
Florida,FL,Santa Rosa Beach,
Georgia,GA,Stone Mountain,Atlanta
Pennsylvania,PA,Bethlehem,Allentown-Bethlehem-Easton PA-NJ
California,CA,Thousand Oaks,Oxnard-Thousand Oaks-Ventura CA
Arizona,AZ,Mesa,Phoenix
New Jersey,NJ,Marlton,Philadelphia
New York,NY,Fairport,Rochester NY
Connecticut,CT,Danbury,Bridgeport-Stamford-Norwalk CT
Texas,TX,Cedar Park,Austin
Idaho,ID,Meridian,Boise City-Nampa ID
Minnesota,MN,Chaska,Minneapolis
Maryland,MD,Annapolis Junction,Baltimore
Massachusetts,MA,Salem,Boston
Arizona,AZ,Peoria,Phoenix
Florida,FL,Plantation,Miami
Puerto Rico,PR,Guaynabo,San Juan-Caguas-Guaynabo PR
Florida,FL,Mount Dora,Orlando FL
Massachusetts,MA,Manchester,Boston
Texas,TX,Houston,Baton Rouge LA
Pennsylvania,PA,Olyphant,Scranton--Wilkes-Barre PA
New Hampshire,NH,Belmont,Laconia NH
California,CA,Fremont,San Francisco
New York,NY,Hauppauge,New York City
Michigan,MI,Portage,Kalamazoo-Portage MI
Oregon,OR,Eugene,Roseburg OR
New Jersey,NJ,Linwood,Atlantic City NJ
Arkansas,AR,Malvern,Hot Springs AR
Louisiana,LA,Broussard,New Iberia LA
Florida,FL,Kissimmee,Orlando FL
North Carolina,NC,Mebane,Burlington NC
California,CA,South Pasadena,Los Angeles
California,CA,Mission Viejo,Los Angeles
Georgia,GA,Lawrenceville,Atlanta
North Dakota,ND,Fargo,Fargo ND-MN
Colorado,CO,Lone Tree,Denver
New Jersey,NJ,Red Bank,New York City
North Carolina,NC,Mooersville,Statesville-Mooresville NC
Massachusetts,MA,Danvers,Boston
Indiana,IN,Terre Haute,Terre Haute IN
Florida,FL,Miramar Beach,Fort Walton Beach-Crestview-Destin FL
Florida,FL,Tallahassee,Tallahassee FL
Florida,FL,St. Augustine,Jacksonville FL
Florida,FL,Riverview,
Virginia,VA,Kingstowne,Washington DC
Pennsylvania,PA,Chambersburg,
Tennessee,TN,Mosheim,Newport TN
California,CA,Placentia,Los Angeles
Alabama,AL,Montgomery,Montgomery AL
California,CA,Burlingame,San Francisco
Illinois,IL,Glen Ellyn,Chicago
Massachusetts,MA,Hadley,Springfield MA
Utah,UT,Midvale,Salt Lake City
New York,NY,Lake Success,New York City
Utah,UT,Clearfield,Ogden-Clearfield UT
Ohio,OH,Huron,Sandusky OH
Mississippi,MS,Brandon,Jackson MS
Virginia,VA,Roanoke,Roanoke VA
Pennsylvania,PA,Norristown,Philadelphia
California,CA,Larkspur,San Francisco
Massachusetts,MA,Worcester,Worcester MA
Michigan,MI,Holland,Holland-Grand Haven MI
California,CA,Dana Point,Los Angeles
New Jersey,NJ,Lambertville,New York City
California,CA,Saratoga,San Jose
Pennsylvania,PA,Monroeville,Pittsburgh PA
Michigan,MI,Chesterfield,Detroit
Washington,WA,Mercer Island,Seattle
Virginia,VA,Norfolk,Virginia Beach-Norfolk-Newport News VA-NC
Pennsylvania,PA,Lititz,Lancaster PA
Nebraska,NE,Aurora,Hastings NE
Texas,TX,Kingwood,Houston
Florida,FL,Middleburg,Jacksonville FL
Michigan,MI,Flint,Flint MI
Ohio,OH,Hudson,Akron OH
Ohio,OH,Toledo,Toledo OH
Arkansas,AR,Little Rock,Little Rock-North Little Rock-Conway AR
Missouri,MO,Monett,
Arizona,AZ,Gilbert,
Michigan,MI,Byron Center,Allegan MI
Utah,UT,Logan,Logan UT-ID
Virginia,VA,Winchester,Winchester VA-WV
Kansas,KS,Lenexa,Kansas City MO-KS
New Hampshire,NH,Seabrook,Boston
Connecticut,CT,Watertown,Torrington CT
Florida,FL,Hallandale,Miami
Pennsylvania,PA,Wayne,Seattle
Michigan,MI,Milford,Detroit
Pennsylvania,PA,Gladwyne,Philadelphia
Indiana,IN,Griffith,Chicago
California,CA,Modesto,Stockton CA
Iowa,IA,Cedar Rapids,
Connecticut,CT,Newtown,Bridgeport-Stamford-Norwalk CT
Indiana,IN,Elkhart,Elkhart-Goshen IN
Michigan,MI,Auburn Hills,Detroit
California,CA,Montebello,Los Angeles
Iowa,IA,Iowa City,Iowa City IA
Connecticut,CT,South Windsor,Hartford-West Hartford-East Hartford CT
Pennsylvania,PA,Easton,Philadelphia
Massachusetts,MA,Norwood,Boston
New Jersey,NJ,Parlin,New York City
Ohio,OH,Plain City,Columbus OH
California,CA,Sierra Madre,Los Angeles
New York,NY,Lindenhurst,New York City
Arkansas,AR,Fayetteville,Fayetteville-Springdale-Rogers AR-MO
Indiana,IN,Michigan City,Michigan City-La Porte IN
Connecticut,CT,Branford,New Haven-Milford CT
Missouri,MO,Webb City,Joplin MO
Wisconsin,WI,West Allis,Milwaukee-Waukesha-West Allis WI
New York,NY,Pleasant Valley,Poughkeepsie-Newburgh-Middletown NY
Georgia,GA,Doraville,Atlanta
Mississippi,MS,Madison,Jackson MS
California,CA,Studio City,Los Angeles
New York,NY,Holbrook,New York City
Illinois,IL,Gurnee,Chicago
Washington,WA,Longview,Longview WA
Indiana,IN,South Bend,South Bend-Mishawaka IN-MI
Ohio,OH,Springfield,Springfield OH
New Hampshire,NH,Bedford,Manchester-Nashua NH
Massachusetts,MA,North Billerica,Boston
Texas,TX,Bastrop,Austin
Missouri,MO,St. Charles,St. Louis MO-IL
Minnesota,MN,Wayzata,Minneapolis
Iowa,IA,Cedar Rapids,Cedar Rapids IA
Florida,FL,Lake Worth,Miami
North Carolina,NC,Hickory,Hickory-Lenoir-Morganton NC
Pennsylvania,PA,Lancaster,Lancaster PA
Indiana,IN,Evansville,Evansville IN-KY
North Dakota,ND,Grand Forks,Grand Forks ND-MN
Maryland,MD,Glenn Dale,Washington DC
Indiana,IN,Greenwood,Indianapolis IN
Pennsylvania,PA,Chambersburg,Chambersburg PA
New York,NY,East Elmhurst,New York City
Pennsylvania,PA,Trevose,Philadelphia
Virginia,VA,Fredericksburg,Richmond VA
New Jersey,NJ,Hackensack,New York City
Pennsylvania,PA,Conshohocken,Philadelphia
North Carolina,NC,Kernersville,Thomasville-Lexington NC
Ohio,OH,Newbury,Cleveland
Ohio,OH,Findlay,Findlay OH
California,CA,Seal Beach,Los Angeles
New York,NY,Canastota,Syracuse NY
Wisconsin,WI,Middleton,Madison WI
Pennsylvania,PA,West Chester,Philadelphia
Indiana,IN,Syracuse,Elkhart-Goshen IN
Georgia,GA,Peachtree City,Atlanta
Iowa,IA,Urbandale,Des Moines-West Des Moines IA
Rhode Island,RI,East Providence,Providence-New Bedford-Fall River RI-MA
Maryland,MD,Frederick,Washington DC
New Jersey,NJ,Tinton Falls,New York City
Maryland,MD,Lexington Park,Lexington Park MD
Oregon,OR,Tualatin,Portland OR
Washington,WA,Everett,Seattle
Massachusetts,MA,Wakefield,Boston
Wisconsin,WI,Menomonee Falls,Milwaukee-Waukesha-West Allis WI
Ohio,OH,Brooklyn Heights,Cleveland
Oklahoma,OK,Stillwater,Stillwater OK
New York,NY,Port Chester,New York City
New York,NY,Pleasantville,New York City
South Carolina,SC,Pawleys Island,Georgetown SC
Massachusetts,MA,Arlington,Boston
Ohio,OH,Brecksville,Cleveland
Nebraska,NE,La Vista,Omaha-Council Bluffs NE-IA
Massachusetts,MA,Osterville,Barnstable Town MA
Kentucky,KY,Lexington,Lexington-Fayette KY
Nebraska,NE,Ashland,Omaha-Council Bluffs NE-IA
Michigan,MI,Bloomfield Hills,Detroit
Illinois,IL,Barrington,Chicago
Massachusetts,MA,Lowell,Boston
California,CA,Lake Elsinore,Riverside-San Bernardino-Ontario CA
Pennsylvania,PA,Export,Pittsburgh PA
Texas,TX,Bedford,Dallas
New Jersey,NJ,Elizabeth,New York City
Texas,TX,Deer Park,Houston
New Jersey,NJ,Phillipsburg,New York City
Texas,TX,Southlake,Dallas
Florida,FL,Ocala,Ocala FL
Pennsylvania,PA,Broomall,Philadelphia
Maryland,MD,Lanham,Washington DC
North Carolina,NC,Statesville,Hickory-Lenoir-Morganton NC
Tennessee,TN,LaVergne,Nashville
Michigan,MI,Brighton,Detroit
California,CA,Culver CIty,Los Angeles
Michigan,MI,Traverse City,Traverse City MI
Illinois,IL,Arlington Heights,Chicago
Michigan,MI,Midland,Bay City MI
Minnesota,MN,Maplewood,Minneapolis
Arkansas,AR,Lowell,Fayetteville-Springdale-Rogers AR-MO
New York,NY,West Babylon,New York City
Pennsylvania,PA,Montoursville,Williamsport PA
Illinois,IL,Schiller Park,Chicago
Georgia,GA,Calhoun,Rome GA
North Carolina,NC,HIgh Point,Greensboro-High Point NC
Illinois,IL,Burnham,Chicago
California,CA,Sacramento,
Pennsylvania,PA,Pittsburgh,
Minnesota,MN,Chanhassen,Minneapolis
Ohio,OH,Lima,Lima OH
New Jersey,NJ,Paterson,New York City
Minnesota,MN,Excelsior,Minneapolis
Massachusetts,MA,Somerville,Boston
New Jersey,NJ,Livingston,New York City
Massachusetts,MA,Woburn,Boston
New Hampshire,NH,Newington,Concord NH
Massachusetts,MA,Eastham,Barnstable Town MA
Indiana,IN,Marion,
Connecticut,CT,Old Lyme,Norwich-New London CT
Massachusetts,MA,Weymouth,Boston
California,CA,Glendale,Los Angeles
Maryland,MD,Elkridge,Baltimore
Utah,UT,Price,Price UT
Florida,FL,Pensacola,Pensacola-Ferry Pass-Brent FL
Michigan,MI,Williamston,Lansing-East Lansing MI
Louisiana,LA,Shreveport,Shreveport-Bossier City LA
Florida,FL,Melbourne,Palm Bay-Melbourne-Titusville FL
Florida,FL,Jensen Beach,Port St. Lucie FL
California,CA,Santa Clarita,Los Angeles
Mississippi,MS,Starkville,West Point MS
Virginia,VA,Luray,
Missouri,MO,Grain Valley,Kansas City MO-KS
Oregon,OR,Roseburg,Roseburg OR
Illinois,IL,Lake Zurich,Chicago
Connecticut,CT,Sandy Hook,Bridgeport-Stamford-Norwalk CT
North Carolina,NC,Colfax,Greensboro-High Point NC
Massachusetts,MA,Acton,Boston
Pennsylvania,PA,Pottstown,Reading PA
Florida,FL,New Port Richey,Tampa
California,CA,Chino,Riverside-San Bernardino-Ontario CA
Utah,UT,Murray,Salt Lake City
New Jersey,NJ,Sayreville,New York City
Florida,FL,Southwest Ranches,Miami
Oklahoma,OK,Broken Arrow,Tulsa OK
California,CA,Winnetka,Los Angeles
Florida,FL,The Villages,
California,CA,Gold River,Sacramento--Arden-Arcade--Roseville CA
Tennessee,TN,Kodak,Morristown TN
Indiana,IN,Warsaw,Warsaw IN
Connecticut,CT,Bristol,Hartford-West Hartford-East Hartford CT
Illinois,IL,Berkeley,Chicago
Georgia,GA,Griffin,Atlanta
California,CA,Union City,San Francisco
Louisiana,LA,St. Rose,New Orleans-Metairie-Kenner LA
New Jersey,NJ,Monmouth Junction,New York City
Michigan,MI,Farmington,Detroit
Kansas,KS,Leawood,Kansas City MO-KS
Georgia,GA,Savannah,Savannah GA
New Jersey,NJ,Lakewood,New York City
South Carolina,SC,Myrtle Beach,Myrtle Beach-Conway-North Myrtle Beach SC
Virginia,VA,Warrenton,Washington DC
Texas,TX,Victoria,Victoria TX
Illinois,IL,Loves Park,Rockford IL
Florida,FL,Largo,Tampa
South Carolina,SC,Little River,Myrtle Beach-Conway-North Myrtle Beach SC
Texas,TX,Beaumont,Beaumont-Port Arthur TX
Minnesota,MN,Hastings,Minneapolis
Illinois,IL,Northbrook,Chicago
Illinois,IL,Bensenville,Chicago
California,CA,Novato,San Francisco
Pennsylvania,PA,Merion Station,Philadelphia
Minnesota,MN,St. Cloud,St. Cloud MN
Massachusetts,MA,Walpole,Boston
Minnesota,MN,Sauk Rapids,St. Cloud MN
North Carolina,NC,Raleigh,Scranton--Wilkes-Barre PA
New York,NY,Utica,Utica-Rome NY
Texas,TX,Brownsville,Brownsville-Harlingen TX
Maryland,MD,Hagerstown,Hagerstown-Martinsburg MD-WV
New Jersey,NJ,Bridgewater,New York City
Pennsylvania,PA,Hummelstown,Harrisburg-Carlisle PA
California,CA,Calabasas,Los Angeles
Ohio,OH,Millersburg,Coshocton OH
Connecticut,CT,Manchester,Hartford-West Hartford-East Hartford CT
Pennsylvania,PA,Indiana,Indiana PA
Pennsylvania,PA,Somerset,Somerset PA
Oregon,OR,Wilsonville,Portland OR
Kansas,KS,Kansas City,Kansas City MO-KS
Texas,TX,Port Lavaca,Victoria TX
California,CA,Redding,Redding CA
Rhode Island,RI,North Kingstown,Providence-New Bedford-Fall River RI-MA
New Jersey,NJ,Plainsboro,New York City
Ohio,OH,Mentor,Cleveland
Illinois,IL,Chadwick,
Mississippi,MS,Columbus,Columbus MS
New York,NY,Troy,Albany-Schenectady-Troy NY
Georgia,GA,Rome,Rome GA
Indiana,IN,New Albany,Louisville/Jefferson KY-IN
Texas,TX,Humble,Houston
California,CA,Vernon,Los Angeles
New Jersey,NJ,Wyckoff,New York City
North Carolina,NC,Greenville,Greenville NC
Missouri,MO,Chesterfield,St. Louis MO-IL
New Jersey,NJ,Gloucester City,Philadelphia
Nevada,NV,Las vegas,Las Vegas-Paradise NV
Kentucky,KY,Covington,Cincinnati
New York,NY,Bohemia,New York City
California,CA,San Francisco,Los Angeles
Ohio,OH,Loveland,Cincinnati
Ohio,OH,Holland,Toledo OH
Michigan,MI,Bingham Farms,Detroit
New Jersey,NJ,Somerset,New York City
Michigan,MI,Holland,Allegan MI
Iowa,IA,Urbana,Cedar Rapids IA
Pennsylvania,PA,Media,Philadelphia
South Carolina,SC,Fort Mill,Lancaster SC
Maryland,MD,Hunt Valley,Baltimore
Massachusetts,MA,Salisbury,Boston
Ohio,OH,Akron,Cleveland
California,CA,Visalia,Visalia-Porterville CA
Texas,TX,Belton,Killeen-Temple-Fort Hood TX
Kansas,KS,Overland Park,
Ohio,OH,Akron,Akron OH
Iowa,IA,Le Claire,Davenport-Moline-Rock Island IA-IL
New York,NY,Jamaica,New York City
Tennessee,TN,Oakland,Memphis TN-MS-AR
Massachusetts,MA,Hingham,Boston
North Carolina,NC,Sanford,Durham NC
Alabama,AL,Athens,Huntsville AL
Ohio,OH,Chagrin Falls,Akron OH
Texas,TX,Mesquite,Dallas
Wisconsin,WI,Sparta,La Crosse WI-MN
Texas,TX,Pflugerville,Austin
Connecticut,CT,Trumbull,Bridgeport-Stamford-Norwalk CT
California,CA,Venice,Los Angeles
New York,NY,West Henrietta,Rochester NY
Michigan,MI,Mount Pleasant,Mount Pleasant MI
New Jersey,NJ,Colts Neck,New York City
Wisconsin,WI,Green Bay,Green Bay WI
South Carolina,SC,Lancaster,Lancaster SC
Massachusetts,MA,Mansfield,Providence-New Bedford-Fall River RI-MA
Washington,WA,Lynnwood,Seattle
Missouri,MO,Mount Vernon,
Indiana,IN,Bloomington,Bloomington IN
Nebraska,NE,Syracuse,
Massachusetts,MA,Northborough,Worcester MA
Maryland,MD,Beltsville,Washington DC
California,CA,Danville,San Francisco
Ohio,OH,Maineville,Cincinnati
Missouri,MO,Holts Summit,Jefferson City MO
Michigan,MI,Wixom,Detroit
Mississippi,MS,Jackson,Jackson MS
Massachusetts,MA,Lawrence,Boston
Ohio,OH,Middletown,Cincinnati
Kentucky,KY,Owensboro,Owensboro KY
Florida,FL,Doral,Miami
Wisconsin,WI,Elm Grove,Milwaukee-Waukesha-West Allis WI
Missouri,MO,Battlefield,Springfield MO
Connecticut,CT,Wilton,Bridgeport-Stamford-Norwalk CT
New York,NY,Washingtonville,Poughkeepsie-Newburgh-Middletown NY
California,CA,Oakhurst,Madera CA
Ohio,OH,Lorain,Cleveland
Illinois,IL,Mundelein,Chicago
Utah,UT,Hyde Park,Logan UT-ID
Arizona,AZ,Prescott Valley,Prescott AZ
Massachusetts,MA,Westfield,Springfield MA
New Jersey,NJ,Clinton,New York City
Pennsylvania,PA,Chester,Philadelphia
Iowa,IA,Milford,Spencer IA
Minnesota,MN,Baxter,Brainerd MN
New Hampshire,NH,Center Harbor,Laconia NH
Colorado,CO,Pueblo,Pueblo CO
Louisiana,LA,Youngsville,New Iberia LA
California,CA,Paso Robles,San Luis Obispo-Paso Robles CA
Ohio,OH,Lockbourne,Columbus OH
New Jersey,NJ,North Bergen,New York City
New York,NY,Monsey,New York City
Kansas,KS,Shawnee,Kansas City MO-KS
Kentucky,KY,Newport,Cincinnati
Pennsylvania,PA,Sharon Hill,Philadelphia
Pennsylvania,PA,Claysville,Pittsburgh PA
Illinois,IL,Effingham,Charleston-Mattoon IL
California,CA,San Bruno,San Francisco
New Hampshire,NH,Newfields,Boston
Texas,TX,Garland,Dallas
California,CA,Yorba Linda,Los Angeles
Louisiana,LA,Ruston,Ruston LA
Virginia,VA,Haymarket,Washington DC
Wisconsin,WI,Fitchburg,Madison WI
New Jersey,NJ,Township of Washington,New York City
New Jersey,NJ,North Brunswick,New York City
New Jersey,NJ,Woodbridge,New York City
Texas,TX,Pampa,Amarillo TX
Indiana,IN,Markle,Huntington IN
Pennsylvania,PA,Erie,Erie PA
Illinois,IL,Roselle,Chicago
Michigan,MI,Saginaw,Saginaw-Saginaw Township North MI
California,CA,Commerce,Los Angeles
Alabama,AL,Falkville,Cullman AL
Pennsylvania,PA,Ambler,Philadelphia
Washington,WA,Maple Valley,Seattle
New Jersey,NJ,Farmingdale,New York City
Wisconsin,WI,Mayville,Beaver Dam WI
Kansas,KS,Manhattan,Manhattan KS
Connecticut,CT,Farmington,Hartford-West Hartford-East Hartford CT
Florida,FL,Cape Coral,Cape Coral-Fort Myers FL
Oregon,OR,Eugene,Eugene-Springfield OR
New Jersey,NJ,Washington,New York City
Pennsylvania,PA,Hatboro,Philadelphia
Virginia,VA,Exmore,
Louisiana,LA,Houma,Houma-Bayou Cane-Thibodaux LA
Ohio,OH,Perrysburg,Toledo OH
New Jersey,NJ,Scotch Plains,New York City
Kentucky,KY,Hebron,Cincinnati
California,CA,Dublin,San Francisco
North Carolina,NC,Garner,Raleigh-Cary NC
Wisconsin,WI,River Falls,Minneapolis
Wisconsin,WI,Manitowoc,Manitowoc WI
Texas,TX,Round Rock,Austin
North Carolina,NC,Southern Pines,Southern Pines-Pinehurst NC
Texas,TX,El Paso,El Paso TX
Massachusetts,MA,West Bridgewater,Boston
California,CA,Soquel,Santa Cruz-Watsonville CA
California,CA,Encinitas,San Diego
Wisconsin,WI,Blue Mounds,Madison WI
New Jersey,NJ,Rochelle Park,New York City
Massachusetts,MA,Methuen,Boston
New York,NY,Roslyn Heights,New York City
Illinois,IL,Westmont,Chicago
Illinois,IL,Melrose Park,Chicago
California,CA,Chatsworth,Los Angeles
Pennsylvania,PA,Philipsburg,State College PA
Illinois,IL,Bloomington,Bloomington-Normal IL
Ohio,OH,Troy,Greenville OH
Michigan,MI,Tecumseh,Adrian MI
New Jersey,NJ,Skillman,Trenton-Ewing NJ
Georgia,GA,Athens,Athens-Clarke GA
California,CA,San DIego,San Diego
Florida,FL,Lehigh Acres,Cape Coral-Fort Myers FL
Ohio,OH,Galena,Columbus OH
Illinois,IL,La Grange,Chicago
Ohio,OH,Bowling Green,Toledo OH
Pennsylvania,PA,Newtown,Philadelphia
California,CA,San Leandro,San Francisco
New Hampshire,NH,Hudson,Manchester-Nashua NH
California,CA,Claremont,Los Angeles
Kansas,KS,Olathe,Kansas City MO-KS
Indiana,IN,Mishawaka,South Bend-Mishawaka IN-MI
Illinois,IL,Wilmette,Chicago
Utah,UT,Woods Cross,Ogden-Clearfield UT
South Dakota,SD,Madison,
Colorado,CO,Lafayette,Boulder CO
Washington,WA,Woodinville,Seattle
Colorado,CO,Aurora,Denver
California,CA,Davis,Vallejo-Fairfield CA
Florida,FL,Lakeland,Tampa
Missouri,MO,Brentwood,St. Louis MO-IL
Florida,FL,Newberry,Gainesville FL
Wisconsin,WI,Port Washington,Milwaukee-Waukesha-West Allis WI
Illinois,IL,Machesney Park,Rockford IL
Massachusetts,MA,Canton,Boston
New Jersey,NJ,Montvale,New York City
Florida,FL,Lake Park,Miami
Massachusetts,MA,Wayland,Boston
New Hampshire,NH,Kingston,Boston
Minnesota,MN,Mendota Heights,Minneapolis
Florida,FL,Gainesville,Gainesville FL
Louisiana,LA,Mandeville,New Orleans-Metairie-Kenner LA
California,CA,Cypress,Los Angeles
California,CA,Salinas,Salinas CA
Puerto Rico,PR,San Juan,San Juan-Caguas-Guaynabo PR
Kansas,KS,Salina,
California,CA,Vineburg,Santa Rosa-Petaluma CA
Georgia,GA,Fort Valley,Macon GA
Florida,FL,Punta Gorda,Punta Gorda FL
South Carolina,SC,Chapin,Columbia SC
California,CA,Rancho Santa Margarita,Los Angeles
Virginia,VA,Centreville,Washington DC
California,CA,Rancho Cucamonga,Riverside-San Bernardino-Ontario CA
Michigan,MI,Howell,Detroit
Wisconsin,WI,Little Chute,Appleton WI
Delaware,DE,Seaford,Seaford DE
Ohio,OH,Sheffield Village,Cleveland
New York,NY,Suffern,New York City
Pennsylvania,PA,Boothwyn,Philadelphia
North Carolina,NC,Enka,Asheville NC
Iowa,IA,Pella,Oskaloosa IA
Nebraska,NE,Wayne,Sioux City IA-NE-SD
Florida,FL,Land O' Lakes,Tampa
Massachusetts,MA,Sandwich,Barnstable Town MA
New Hampshire,NH,Nashua,Manchester-Nashua NH
Wisconsin,WI,New Berlin,Milwaukee-Waukesha-West Allis WI
Pennsylvania,PA,Ambridge,Pittsburgh PA
California,CA,Foothill Ranch,Los Angeles
Virginia,VA,Belle Haven,
Mississippi,MS,Ridgeland,Jackson MS
Connecticut,CT,Redding,Bridgeport-Stamford-Norwalk CT
North Carolina,NC,Monroe,Charlotte
North Carolina,NC,Salisbury,Salisbury NC
Illinois,IL,Hinsdale,Chicago
Wisconsin,WI,Caledonia,Racine WI
Texas,TX,Schertz,San Antonio TX
Iowa,IA,Ames,Ames IA
Illinois,IL,Franklin Park,Chicago
Ohio,OH,Barberton,Cleveland
Georgia,GA,Buford,Atlanta
New York,NY,Bergen,Batavia NY
California,CA,Milpitas,San Jose
New Jersey,NJ,Cranbury,New York City
New York,NY,Carle Place,New York City
Maryland,MD,Bowie,Washington DC
Maryland,MD,Mount Airy,Baltimore
Maine,ME,Whiting,
Texas,TX,Tomball,Houston
New York,NY,Pittsford,Rochester NY
New Jersey,NJ,Woodbury,Philadelphia
Massachusetts,MA,Auburn,Worcester MA
Florida,FL,Miami Lakes,Miami
New York,NY,Albany,Albany-Schenectady-Troy NY
Texas,TX,Coppell,Dallas
New Jersey,NJ,Hainesport,Philadelphia
California,CA,Irwindale,Los Angeles
Illinois,IL,Woodridge,Chicago
Ohio,OH,Orrville,Wooster OH
California,CA,Auburn,Truckee-Grass Valley CA
Wisconsin,WI,New Glarus,Madison WI
California,CA,Fremont,Allegan MI
Alaska,AK,Anchorage,Anchorage AK
Maryland,MD,Burtonsville,Washington DC
South Carolina,SC,Spartanburg,Spartanburg SC
New York,NY,Castleton,Albany-Schenectady-Troy NY
Ohio,OH,Brunswick,Cleveland
Michigan,MI,Petersburg,Monroe MI
Pennsylvania,PA,Chadds Ford,Philadelphia
Georgia,GA,Rome,Atlanta
Tennessee,TN,Goodlettsville,Nashville
Pennsylvania,PA,Mechanicsburg,Harrisburg-Carlisle PA
Connecticut,CT,New Canaan,Bridgeport-Stamford-Norwalk CT
Indiana,IN,Brownsburg,Indianapolis IN
New York,NY,Huntington Station,New York City
Pennsylvania,PA,Elkins Park,Philadelphia
Florida,FL,Coconut Creek,Miami
Pennsylvania,PA,Doylestown,Philadelphia
Michigan,MI,Owosso,Saginaw-Saginaw Township North MI
New York,NY,Smithtown,New York City
Pennsylvania,PA,Warrington,Philadelphia
South Carolina,SC,Greenwood,
New Jersey,NJ,Robbinsville,
Pennsylvania,PA,Garnet Valley,
Pennsylvania,PA,Allison Park,Pittsburgh PA
Virginia,VA,McLean,
Minnesota,MN,Blue Earth,
Florida,FL,Wellington,Miami
West Virginia,WV,Martinsburg,Hagerstown-Martinsburg MD-WV
Connecticut,CT,Hartford,Hartford-West Hartford-East Hartford CT
Texas,TX,Plano,Denver
California,CA,Cerritos,Los Angeles
Ohio,OH,Mansfield,Mansfield OH
Georgia,GA,Cairo,Bainbridge GA
Connecticut,CT,Westport,Bridgeport-Stamford-Norwalk CT
New Hampshire,NH,Londonderry,Boston
New Jersey,NJ,Metuchen,New York City
Texas,TX,Las Colinas,Dallas
Connecticut,CT,Cheshire,New Haven-Milford CT
Washington,WA,Anacortes,
New York,NY,Rensselaer,Albany-Schenectady-Troy NY
Wisconsin,WI,Campbellsport,Beaver Dam WI
Washington,WA,Enumclaw,Seattle
New York,NY,Victor,Rochester NY
New Jersey,NJ,Wall Township,New York City
Texas,TX,Grand Prairie,Dallas
Florida,FL,Hialeah,Miami
Iowa,IA,Hiawatha,Iowa City IA
Texas,TX,DFW Airport,Dallas
Ohio,OH,Middleburg Heights,Cleveland
Minnesota,MN,Fairmont,Fairmont MN
California,CA,Brea,Los Angeles
California,CA,Chino Hills,Riverside-San Bernardino-Ontario CA
Oregon,OR,Clackamas,Portland OR
New York,NY,East Syracuse,Syracuse NY
Pennsylvania,PA,Chester Springs,Philadelphia
Pennsylvania,PA,East Norriton,Philadelphia
New Jersey,NJ,Budd Lake,New York City
Wisconsin,WI,Kimberly,Appleton WI
California,CA,Riverside,Riverside-San Bernardino-Ontario CA
Washington,WA,Puyallup,Seattle
California,CA,Healdsburg,Santa Rosa-Petaluma CA
Connecticut,CT,Glastonbury,Hartford-West Hartford-East Hartford CT
Pennsylvania,PA,State College,State College PA
Vermont,VT,South Burlington,Burlington-South Burlington VT
Iowa,IA,Cedar Rapids,Iowa City IA
Minnesota,MN,Waite Park,St. Cloud MN
Wisconsin,WI,Germantown,Milwaukee-Waukesha-West Allis WI
New Jersey,NJ,Branchburg,New York City
Montana,MT,Missoula,Missoula MT
California,CA,Millbrae,San Francisco
Texas,TX,Montgomery,
New York,NY,Forest Hills,New York City
Illinois,IL,Burr Ridge,Chicago
Missouri,MO,Ellisville,St. Louis MO-IL
New Jersey,NJ,Manalapan,
Iowa,IA,Cedar Falls,Waterloo-Cedar Falls IA
Colorado,CO,Golden,Boulder CO
Michigan,MI,Blissfield,Toledo OH
New York,NY,Henrietta,Rochester NY
North Carolina,NC,Sylva,
New Jersey,NJ,Springfield,New York City
New York,NY,Getzville,Buffalo-Niagara Falls NY
Florida,FL,Gulf Breeze,Pensacola-Ferry Pass-Brent FL
Indiana,IN,Cloverdale,Bloomington IN
Minnesota,MN,Otsego,Minneapolis
Ohio,OH,Hilliard,Columbus OH
Michigan,MI,Romulus,Detroit
Ohio,OH,Canton,Canton-Massillon OH
New York,NY,West Islip,New York City
Michigan,MI,Oak Park,Detroit
New York,NY,Tarrytown,New York City
Georgia,GA,Douglasville,Atlanta
Ohio,OH,Mayfield Village,Cleveland
Wisconsin,WI,Oshkosh,Fond du Lac WI
Massachusetts,MA,Southborough,Worcester MA
Illinois,IL,Wauconda,Chicago
Illinois,IL,Carol Stream,Chicago
Michigan,MI,Fowlerville,Lansing-East Lansing MI
Rhode Island,RI,Exeter,Providence-New Bedford-Fall River RI-MA
Arkansas,AR,Jonesboro,Jonesboro AR
Ohio,OH,Broadview Heights,Cleveland
New York,NY,East Hampton,New York City
California,CA,Daly City,San Francisco
Pennsylvania,PA,East Stroudsburg,East Stroudsburg PA
New York,NY,Scotia,Albany-Schenectady-Troy NY
Ohio,OH,Willoughby,Cleveland
South Carolina,SC,Conway,Myrtle Beach-Conway-North Myrtle Beach SC
Michigan,MI,Birmingham,Detroit
Virginia,VA,Bristol,Kingsport-Bristol-Bristol TN-VA
Pennsylvania,PA,Moon Township,Pittsburgh PA
Georgia,GA,Decatur,Atlanta
Michigan,MI,Detroit,Flint MI
Tennessee,TN,Powell,Knoxville TN
Georgia,GA,Austell,Atlanta
Illinois,IL,Carmi,
New Jersey,NJ,Belmar,New York City
New Jersey,NJ,Florham Park,New York City
Pennsylvania,PA,Altoona,Altoona PA
Illinois,IL,Rosemont,Chicago
Michigan,MI,Lake Orion,Detroit
Michigan,MI,Manistee,
West Virginia,WV,Berkeley Springs,Hagerstown-Martinsburg MD-WV
Michigan,MI,Ada,Grand Rapids-Wyoming MI
Massachusetts,MA,South Easton,Providence-New Bedford-Fall River RI-MA
Pennsylvania,PA,Camp Hill,Harrisburg-Carlisle PA
Oregon,OR,Sherwood,Portland OR
New York,NY,Mount Vernon,New York City
New Jersey,NJ,Denville,New York City
New York,NY,Schenectady,Albany-Schenectady-Troy NY
Massachusetts,MA,Natick,Boston
Illinois,IL,Plainfield,Chicago
New Jersey,NJ,Princeton Junction,Trenton-Ewing NJ
Utah,UT,Farmington,Ogden-Clearfield UT
Tennessee,TN,Thompson's Station,Columbia TN
Texas,TX,Bellaire,Houston
Florida,FL,Seville,Palatka FL
California,CA,Hayward,San Francisco
Louisiana,LA,Prairieville,Baton Rouge LA
Ohio,OH,Fairfield,Cincinnati
California,CA,Lynwood,Los Angeles
Maryland,MD,Glen Burnie,Baltimore
New York,NY,Uniondale,New York City
Colorado,CO,Golden,Denver
Rhode Island,RI,Charlestown,Providence-New Bedford-Fall River RI-MA
Illinois,IL,Glenview,Chicago
Illinois,IL,Lincolnshire,Chicago
North Carolina,NC,Winston Salem,Thomasville-Lexington NC
Texas,TX,Center Point,San Antonio TX
Washington,WA,Wenatchee,Wenatchee WA
Tennessee,TN,Millington,Memphis TN-MS-AR
California,CA,Fullerton,Los Angeles
Connecticut,CT,Waterbury,New Haven-Milford CT
New York,NY,Amherst,Buffalo-Niagara Falls NY
Connecticut,CT,Monroe,Bridgeport-Stamford-Norwalk CT
Illinois,IL,Wheeling,Chicago
Massachusetts,MA,North Attleborough,Providence-New Bedford-Fall River RI-MA
Ohio,OH,Grove City,Columbus OH
Virginia,VA,Harrisonburg,Harrisonburg VA
California,CA,Carson,Los Angeles
New Jersey,NJ,Bay Head,New York City
Washington,WA,Ferndale,Bellingham WA
Pennsylvania,PA,Kimberton,Philadelphia
Texas,TX,Keller,Dallas
Virginia,VA,Potomac Falls,Washington DC
North Carolina,NC,Concord,Charlotte
Alabama,AL,Hueytown,Birmingham-Hoover AL
Colorado,CO,Berthoud,Boulder CO
Illinois,IL,Northlake,Chicago
Florida,FL,Tarpon Springs,Tampa
Pennsylvania,PA,Lake City,Erie PA
Wisconsin,WI,Waukesha,Milwaukee-Waukesha-West Allis WI
Missouri,MO,North Kansas City,Kansas City MO-KS
California,CA,Rocklin,Sacramento--Arden-Arcade--Roseville CA
Washington,WA,Gig Harbor,Seattle
California,CA,Cotati,Santa Rosa-Petaluma CA
Wisconsin,WI,Appleton,Appleton WI
California,CA,Petaluma,Santa Rosa-Petaluma CA
New Jersey,NJ,Robbinsville,Trenton-Ewing NJ
Massachusetts,MA,Lakeville,Boston
Connecticut,CT,Torrington,Torrington CT
Pennsylvania,PA,Quakertown,Philadelphia
California,CA,Watsonville,Salinas CA
